,sequence,rG4detector
0,aggcctgcctggtgtcctgc,0.4817873686552048
1,cgaggaccgcggcgccgagcggcagccgcgccg,0.5092728175222874
2,catttaggatatgctcctggatggggactgggctgtgcccagggcctctgtcccccaggatgtcttgtggtggcggtcggccgttctgccc,1.3560127168893814
3,cgcttgggttcccacc,0.4548311531543732
4,ggcggcgggggccgggggggcccgggcgcgcgggagcgggagcggccgggggagccggagcgcaccatggaggcggcggcaggcggccgcggctgt,2.4487030655145645
5,accagccgggtgc,0.6453132070600986
6,gtcgccgaggtggtctcggccgcctcggcc,0.5132063403725624
7,gcggggagctccgg,1.392809309065342
8,tagaagctcagccagatcctgacctcggtccgggctctggtttcc,0.5303175486624241
9,aataccccgactggccagtcgagggaactgc,0.5290362164378166
10,ctgctgggcccgtggctgcccctagggaagccttccgggggcgggcgctcctgtccgtggag,1.4669658169150352
11,ggcgggggccgggccgggcggggccgcgagccgggagggaggagacgtccctgcgagcccggagggcgcgggaccgaggagggcgcaccccgggagccgggcgggccggtcctg,2.3880562633275986
12,gcctccgccgccgccgccgccggcagca,0.45770281180739397
13,ggtgctggctccatgtctgtgtgaccggcctcaggggtaga,0.525759719312191
14,gagggagggcgtctgatgctctctctctgcctccccccccatcctgtcaggcacaggtgacgggggcagcccatgcgagcccttctcctgctgctctgggagggcc,1.6442091390490532
15,agcctacagagccgggagcagctgagccgccggcgcctcggccgccgccgccgcctcctcctcctccgccgccgccagcccgg,0.5591629706323147
16,ctgtcaaggtggccctgggaccagagctggtcccagcatggggtgcaccgg,1.015486165881157
17,accgatctgggggcttcccgggctcgggtaaccgg,1.0694028735160828
18,cctgctgccgccgctgcctccgctgccgccgctgccctgtggcgtcac,0.4770815707743168
19,gcgcgcggagcctcctggcggc,0.7764476574957371
20,cggcggcggcggcggcgggaaggcggcgggg,2.078664779663086
21,gttgttgcccaggctggagtgcaatggcgtatctccactcacc,0.5919008366763592
22,cccggccgctccggccgccctgcgccgccccgagccgcctgcatgtc,0.4755003266036511
23,ctgtgtgtgtgtgtgtgtcacacacacacacacacacacacacacaca,0.9873001947999
24,ttggtgtgtggggtgggggcaggggtagggcggg,2.927565887570381
25,cggccaccacggcgccggcgcgcagctcggccacggcggcccgcagcgc,0.8390216082334518
26,ctcggtccagccggcgcgctccgggctcgcggcctgcacggccccgctccccgggagccgcaacagccgggcgc,0.6236546188592911
27,ccgggggccgccggagcgggactcggcgggcggaagaggcgaccgctccgggagccagcaggc,1.2908592745661736
28,tggtgctggagccgccgccgcccgcgccctgacaggccaggccaggccgagccaggcc,0.5141742751002312
29,ggctgcgccggctctgcttcagccgctgccgctagggc,1.7401954680681229
30,aacatccttgactggaagctgt,0.42669891007244587
31,ccgcccgcatcgccgccctcgccggccgggcggccgtggggcccagagcgccggaggccagggctg,1.3595852106809616
32,atcatcagctgttggcatgagtttggagcttagaa,0.4805182442069054
33,atgaacttccgccatggctgccgcagcagcggtggcctggcggcggggcctagcggct,0.9480710364878178
34,cccagcaccggcagcagggcgaaggcgagcacggccagccacacgccgagcagcacagcgcgggtggc,0.5812136940658092
35,gtcactgaacaggaactcatccagtgtacgc,0.4864729642868042
36,ttgtggcttatgtggag,0.5495126284658909
37,gtttacatgggcctct,1.4144374430179596
38,gctcgcccgcggccggcagtgagggcggcagcggctcgtagcggtcgcagccgccgccgccacagccgcctt,0.7476556785404682
39,cacggggcgcgctcccgagcagaccggccggcc,1.50623469799757
40,tctgtgactgccatttgaagtggctacttcaatggttggtt,0.5980884842574596
41,gacttctggtgccgggtcggcggcgact,0.8833308182656765
42,tcactgagcccccgccagcagtgtccggcagggcaccgc,0.8254850991070269
43,tagtatcttcaaggccttggggaaacttgcagtgggtca,0.8671480379998684
44,gtgtctggcctgtaagaggcaggtagcaagcc,0.5324669182300568
45,tcttgcatctacaccccagggccctgtggtggggctgcaggggga,1.5775547549128532
46,tgggactcccatccctccatcctctcttggcccggccagcggaaccaggagggtggagagctggtggcagccc,1.0300848744809628
47,aaggaccctcccctcccaaccccaaccccagagtgca,0.4875934235751629
48,ccacttccagttctaagcatcagcagctgct,0.5094492360949516
49,ttctctggggcacatggacatgactccag,0.9881907552480698
50,tacagggtcctgccgtgttgcccaggctggagtgcagtggctat,1.1043687835335732
51,ttcatagcacaccacagcctagaac,0.4684062786400318
52,cacattcctatgcccgggagcggcggcggcggcggcggcggctcccgcgggaggcggcaggcgcg,1.2771843820810318
53,cccctctgggctggggtggggggag,2.533326879143715
54,atggctaagtttgaccatgccccatccccagctaggagaat,1.1640266962349417
55,ccatggccccagcctggctccctgcggcattcccatgggagtgcag,0.7315268963575363
56,ctccttctggggctgggctctgcaggccaggtgggtgtggc,1.7431622594594955
57,ggacagcccctgcaaaacatgggtgccgtccttggccttgcagcggagccgccacatcgtgtcggtccggctgcccacaggccaggcacccgcggggccagctttggt,0.6222073510289192
58,atgatcccgggcgggtggcggcggcggc,1.3945884928107262
59,tagaaggtgttcaagg,0.6315192617475986
60,ccccgcccggccgccgggaaggtgggggaagccccgtgcaccccccgccctccggccgccgccgccccgctggccctg,0.9216701164841652
61,gctgctgcaggcggcgactgcgtccccggaggcagcacgcg,0.4852945618331432
62,tggtcgctcgtgggccgagccgcgccgcgccgcgccgggcagagagc,0.5257381834089756
63,atccccagctgcgggaggccctggtgactctgctgctgcagtgtctggtttccctgtgac,0.5300531871616839
64,gccgcttccgagtcctgcggccgcgggggccccgcctgctgcgcgcgcgggctacgcccacttcctgaacg,1.0224310159683228
65,cggcggccagcagtgcacatccccaagcagcagctgggaccctgggtcctgaggggcca,0.9751870073378086
66,gccgcgcctggcttacctatctgtggaaagctaggcttcccaggctgggctctgcct,0.9556027054786682
67,ggaatcccagcaggagacacagctccagctggcctgcccag,0.5393824763596058
68,cttctgtcccc,0.4108113646507263
69,cgggcccgcgggccggggagggaagcc,1.3750453293323517
70,ctcgtagactatctagcatgcagagtgtagtgtgttgaaacggtgtatga,0.4707126133143902
71,gcccacgtgcggccgctgctgcgcc,0.5290819145739079
72,ggctgctgcggccgcgctgcctcagccggggacaccgaccgttgggcacacg,0.6260104924440384
73,tgtccacagcccctgggggcagtggaggtgaat,0.6899592690169811
74,ggcgctgcccctaccccatcccggcgcgggcccggcgacgcgggcagcgcggggccgagctgcgggcggagcgggcgcgggtctgcggagcccccagggctcgagcgggcca,1.6091656237840652
75,tggcgagggggctggggggcgaggcccgcgcctggccacccacccgacacaggtaccag,2.0354010462760925
76,ggacgcggcccggaggcggcggcatcccgcaccaccgccccggggccaggccccccgcccctccccggcccgccggcgccgccccgggctg,0.5991309620440006
77,gccctctgccgcggccgccgcccgcccgccggggctgcactcccgggcccggtctggccccgcggc,0.5134312659502029
78,cgctccgggctcggagcctccgaggccaggccagtcccctgagccttcgccggccccgggtc,0.5449028871953487
79,ggcgcctgggcccgccctcctccggggcgccgcgggaggggcccgggttggcgcggggcggggagagc,2.1246697306633
80,ggcccctcccctccgc,0.3671018090099096
81,ccgctgcatggggccgggggggcggccctgcggcgcggagcggcggcgacggcggcggaccccccaggcgggctggggct,2.0857355743646617
82,gcggcagggaagggggtgggggcctggcgggggcatccggcggagctggggtccccgggctccgtccggaggaagcgacgctgcgctcgctgggcagtcggaggggacgggacgcaccggagggcaggcggac,3.0457435995340347
83,tctgggtttgggggcgggagacaggctgagccgcctgggcggcctggcctgtacggggc,2.1637684106826782
84,gggcgcagaggcgcagtcacggagacgccgagggcacc,0.6715655438601971
85,agaatagaggcttccaatctccttcctggaggggtct,0.6817420944571495
86,ggcggggatccgggcggcaggccggggcccgaggggccgtgggggccggactcccgcggccgcgggtcaggaggg,1.7907320857048037
87,taagccgcggtggaggtggcggagaggcaggaaca,0.9204005226492882
88,ggggggcgcccggg,1.5839220210909843
89,ggcggcggcggtg,1.6467470303177834
90,tcctgaggcccgagtccacgcagcagcgcaggccggggtgagggactgt,0.9182585328817368
91,gtgggcgggggcgggcgcccggtcggcggaccggcccgcgggcgcctcctcctggcggcgccggtgctgc,2.2024800330400467
92,ggcactgtccagccctggatagggggggcagtggg,2.1090249717235565
93,tgtggccgtgatgtgcagagagcagtgagggaggg,1.4582727104425433
94,gacgcggccgccgcgggggccggggccggggac,1.7396078184247017
95,agcacgcctttaccatctggcagagccagatgctgactgg,0.4979488477110863
96,cgcaggcccacggcgcgcaccaggccgcccgccagctc,0.5204793661832811
97,actcgagagcccggccccgggccccgggcacgcacagggcca,0.6766640618443489
98,agcaggttcccgcaggcggcgcggggggtcttccccgcgccccgccgccgccggcctcgcag,1.138335347175598
99,ccgccggcacccgagaggcgcggtagccggcgcgggcggcgggggccgggccgcggcgggcgcccgggcgggg,1.8173031508922577
100,cccccgccgagcccgcccctccgccccagcgcggcctgtcaccgcggccccaggtcgggggctgccgcagggcccccggggaccggaggggcgcgcgaggagtcgggcgcgggccttggggccaggcccgtc,1.6503027230501175
101,ctagaggccgctgaaagggacccagg,0.4912987984716892
102,tggcttccctactctctcccaaacctcgcaactccctcccaggacag,0.4901147559285164
103,ccacggctgctggcaccagacttgccctcca,0.5625440143048763
104,ctgcccagcacgggagtgtggggcgcgcca,1.6281142756342888
105,tcagcggctggaggaagagcggtgcggagcgacgtgctcgctccccgggtcgctggtccccgggaggagctccagcgccgccacctcctccgactc,0.8966822996735573
106,aatacagatcc,0.5186819881200789
107,ctggtgagtgtgtgccttgtatctgtgat,1.0893047638237476
108,tccgtgcggtgcggcgagtgaggccccggtcttcctcctcgtcctgccgcagg,0.7181470058858395
109,tgccccggcagcgaggccgcccccggccgggcccggccaggcatg,0.5760615915060043
110,ctgagtgagcagtttcctaccccgtggatc,0.480467801913619
111,ttctgcaacaatagctattgctacagtgg,0.4796949662268162
112,ggaagcagttagacggctgccgggcggcggctgccgcgcggcacaca,1.4462715461850166
113,tccagcatgtctgtacctcaggctgaggtgggcatgctacccagccaga,0.8116887770593166
114,caacaggacagcgccttcccccatgcgctgggaggggaccctccatttctccccctcac,1.0908176377415657
115,ctgagtgtagagccggggcctgggtggcgggtgggggccgggtgg,2.9940753877162933
116,cagaccctggggccccagggggtcac,1.3230801522731779
117,ccctgggcagccgtccgcccgcgcagccgccgccgccgc,0.580281138420105
118,gcaaaggccacacgcacaggccggcccggccgcacgcgcctgctggacggca,0.6960878409445286
119,ggcgggcccggctccccgggggct,0.8537927903234959
120,tgcggcgccccgg,0.6895954534411429
121,cttccctggcctgtggcccagcctggctggcct,0.5079294070601463
122,ggcagcgggctgagtgagctgccgccgccgccgccgccgccgccgccgccgccgctgccgggggaggggcggccgccgcccgcctgcgctcaga,1.0082006342709064
123,cgcagggctcgttccggagggcgggcgccacggaggccggagtggtcgcagttcgggcggaggccgggccaggcggggctgtagggctggggcaggcggcgggctgcccggcgggacagctgcggcagccggcggggggcgtcctgagttggcggtcgagggcgct,2.2102873772382736
124,cccccgccgcggcggcgaggctggcgctgggaagaggaagaa,0.5802965499460697
125,cctcctcctaccagcgcgcgggcggcggcggcggc,1.2147051021456718
126,gcgccgcctccccggccgcccgccgccgccgccgccgccgccgccg,1.1834410950541496
127,caaatgactgtctgggcccacacagtta,0.7295751608908176
128,tggccgagccgcgacgcccgccgcgccccccgcct,1.046465888619423
129,cactgccccaaag,0.4261930361390114
130,gggaggggctcaaggacttgagacgcttcccttggggggcccagctttccccc,1.3223955258727074
131,ccccagtgaccagagcaggaccaagcactggacctgagggt,0.5703634805977345
132,cgtcaggagatcgagaccatcctggagatcgagaccatcctggagatcgagaccatcctggctaacac,0.4986279904842377
133,gcatcggcgggggcgggcggtccgcagc,2.3361174166202545
134,attcctccccagggct,0.4848884791135788
135,ccgtcccaccccaccctcaggggctggtgtcagcttggcccagggaagcactatagaga,0.5587795265018941
136,gtgggcacctgcacccagggcccat,0.6470688320696354
137,ctggccaggtgaaag,0.4754369519650936
138,aagccatgcaagagtgactatcacacacacacacaggcacagacagagtacc,0.5038785301148891
139,agtccagctgggctgggcgccggagctgggagcggcgcgggtagga,1.6042456030845642
140,tcacgaccacggccctggcggaact,0.4624124839901924
141,actccccagcg,0.4529207572340965
142,gggcgggtggccg,0.6334619410336018
143,cttggggacactgcgggcagcgcctggctctcaccaccgcccggctcgccatcgcggcggccggcagtctgcctgcatagtgcgg,0.8544586449861526
144,cccgcgcgcctctggccgcggcacccgaccaggagacggcggcagcggcgggag,0.6157622560858727
145,tgggatgggaggtggagaggacgggggagggggcgacgggcggagcaac,3.006788432598114
146,taccattattttcagacgagatcgggtgcgttcagggtggtatggccgtagaca,1.316582813858986
147,gacctccagccgcagcctggccaggtgcaggcgaaggg,0.535508181899786
148,atttcccaaggcaccgaggcacacagtcc,0.5127664282917976
149,tggtgatatcaacgtg,0.4636808969080448
150,ccgagcaccggcccccgct,0.41707075387239456
151,gcgcggcggctc,2.2388001233339314
152,gctgcagggccccggcgggggaaaggggaagtggtgagggtgaggaggccggagggcgcctcatcccactctggaagct,1.8915960639715197
153,ttagcttccgagatcagacgagatcgggcgcgttcagggtggtatg,0.9741912968456744
154,ccggcgagctagcg,0.5401293337345123
155,gtgccgcggggagggctgtgcc,1.8060712814331052
156,cggttgctttctgcagccgcatctcggccagctctcctcgccgtccccggggcgctgtgcgtctccagtccgggaccgaagccgc,0.7591922599822283
157,tcgtccccggacgggcgcggaccggctcggccggggcgccggcggctggggaggggtcgctgg,1.889895647764206
158,gggcaggctgtgccatcccgccggacgtcgggatggtgcagctg,1.372843116521835
159,cctccgcgtcggaccccgcgcggtgccctcctcccggcggcgtcccgggccccgaaccccagcggtgcgcaga,0.4958586506545544
160,agcacgggcgatggccctgtccctg,0.5241301208734512
161,tcccctccccaggtattgttgagtctgttcaaagctgggtgtg,0.5869895257055759
162,cccttccaagtactaaccaggcccgaccctgcttagcttccgagatcag,0.4340745806694031
163,ctcagagctccccca,0.4123788736760616
164,gtccgacaccggcggccgcccggtctgcagaccagactggccggagggg,1.4687365218997002
165,ggttctgctccacctgccctcggcgc,1.317908637225628
166,tggccgccgccgcgccgcctcctccgcggcctccctcgcggccggaccagccccaggga,0.4854398369789124
167,agcccgccgcgctcctcctgcgcgacccgccgggggcccccgaccggctcggcccagcgcactc,0.5846078023314476
168,tgctggtgcagagggggtgctcccctgtgtccaaggctgccctggcgctggggctgctgggcgtctactgctaccgggcggcca,1.2938414961099625
169,acctgcccacgccctggccagcctggccatgctgccgagtgcggggaggccaccccacccagagggcacagggcaaaccctaagcacgggggta,0.6575305089354515
170,cgggcgcggccatgttgggcccggccgggccctgcggctgcacctgtgcccggcccggcc,2.344834223389625
171,ggcggccccgctc,0.6055684313178062
172,ctgggtgggaagaggggtggccgcctcggcttccgctggcc,2.1797138452529907
173,ccccccggctggccggagcgcccgccgccgcggccgcct,0.5060030035674572
174,ctccctggcgggggccatggggtgcacaccggacgcaggagcacccccaaccccgcgcg,1.1225333586335182
175,tctcccctgtgcagagcatgtctcagcaagccactgggaccaactcacgcacagtg,0.5320455841720104
176,agcggctccgcgggtcccgccgccgccgccgccgccgcccgcccgcccgggagcggcgct,0.5502864941954613
177,ctgccgccgccgcagcagcag,0.4852268137037754
178,tggcggggctggcggggccggggccggggccggctgcggctccggcggctcgtccgtgggggtccgggtgttcgcggtcggccgccaccaggtcaccctggaagagtcgctggccg,2.3610215336084366
179,aggggcgaccggcgcgacgtccgcggcggggcccgggagccccgcgccgcgggccgggggccggggcccgagct,1.6258048489689827
180,cccaccccggcacggagacccagcaccgcggaatggagc,0.4885513111948967
181,aggctgggggaccgcgggcgcggccgcgcgctgccgggcgggaggctggggggccggggccggggccgtgccccggagcgggtcgg,2.2910812646150593
182,gagcggctcaacccgggccgaggctcggggagcggagagtggcgcagcgcccggccgtccggacccgggccgcgagaccccgctcgcccggccactcgtgctcccacacggacgg,1.3904445841908455
183,gcggacgcggcggctgctgccggggagcgagccggcggcgcgggcgagccgag,1.2851401865482328
184,cgccgccgggctcgctggctggcccggtgcgggcggcggactcccgccggagaggactgccagcgccgccgccgccgccgcttcggcccgggcccgggccccgaccccgtcccgggccccagcgccggccgcccgcccggtcgggcgatg,0.7627190463244915
185,gcgccggacagcggcgcctcgagtcccgcagcggccgagcccggggagaagcgggcgcccgccgccgagccgtctcctg,1.2080494910478592
186,gtcgcccgcgccccctgcggctcccgcgccgcgcagcagcagag,0.8115576468408108
187,tagtcctgcctctgtctttatggagcagggctctggaga,0.5181384794414043
188,cgtctgggtggggctgctcggagcccgggcctggtggcccctggggctcccgggcgggcagggtagggcagagtagagcgggcttcaa,2.2465675324201584
189,gagcgagcgagcctgccggctaggcgaccagtccgggcccggccagccggctc,1.661216877400875
190,gtttgctaggcagaatagtaatgaggatgtaagtccgtgggcgactatg,1.3069990873336792
191,taggtgagtatccctgtgtgtgtgagtgaagccactccccaggctggtgctctcctcctgtgcccagtgactgcccagtgg,0.7285867966711521
192,tgtctcaggcccctgggccccgcagatggccatttccgg,0.9220171123743056
193,cggttgtcagct,0.5290635377168655
194,ggtgttacactg,0.4827199131250382
195,ccctgctggtgggggtgggtccccagggggccccctgcggcctgggcccccctgcccacggccagct,2.0970987528562546
196,agtggccgtggagttccgcgactacctgggcgactt,0.5088204592466354
197,cgcaaccgcccccagcctaggccggggcgacaacctagtgccctagc,0.5302471257746221
198,ggccggggtcccgccgcgtgagtgctctgggcggcgggcggcccgggccccggcggaggcgcgccccccggctg,1.4342229440808296
199,ttttctccacatcttct,0.43985551595687866
200,tgaggctttagaaatgtggaca,0.5184292048215866
201,ggttcgaggccgggccccgcgcgaggaggccgc,1.0674507841467855
202,ggccccccacccccgcgaggggtggccgggaccgagcaagctggggaaggccgccg,1.2757579460740092
203,ggcctcgccgctccggggccccccc,0.5821025967597961
204,cgcagccgctccaaaca,0.4633995182812214
205,accacatggttagatc,0.4591359607875347
206,tcccctcgggcgctgggtgccgaccggccggctggccggcgccgcctcctgggaagatggcgctgca,0.5768628716468811
207,acctccggacgctcgtccgggcccgccgccgccgccgctgcagcc,0.4907871223986149
208,ctcctccggcgccaccgccgagctccggacaggcgcgccgctccgctcgccc,0.494840458035469
209,cctcgccttcggctcagccccgccaggccagggctggcccatcccgggcgggccgcagcgcccgcctcgccccctcacagccccgca,1.0398081615567207
210,accctagcgctgctgcctaggtgccatttcctttcct,0.5117273256182671
211,gccccgctctctccccaccg,1.6366963684558868
212,cttttccctcctgagtggagggagtcc,0.5121613070368767
213,ggcgcccggcgc,0.8660492785274982
214,attcctgccctctct,0.5204601772129536
215,tctctggcctctgggcc,0.4700345434248448
216,atggcccgggggaccggggccggggcgcaggggtcggaaggcggcggcggcggcggcaggggccccggccc,1.924402505159378
217,tccgcggccccggctccgccgccggcccgccccgctccgctccgccccgccgc,0.4999765790998936
218,ggtgccgccgcagcctctggctggtcccgcgtctccgtcctc,1.1278524696826937
219,atagttggcaaaggcagaccagcaccaccggt,0.5173291601240635
220,gccccaaagagaagggacgcagggcaaaaatcatgcagccccagcaccccacc,1.3656185790896416
221,cccctgactctgcccca,0.4090954400599003
222,ggagtcctccattgtgtggccacacagtgtcgttgatttaaaggagccagtgcttcccc,0.5576324313879013
223,ttcagcacggggcggt,0.8090502582490444
224,gggtgagggcaggaggcccctgcggaggcagcgtggatctgcc,1.4279095456004145
225,cacgctggggg,0.7986150793731213
226,ttccgggccccctcccccggcggggggtggggagcagcgagggcccc,1.840747356414795
227,tgtccccccctggctcggccgcgggagagagcgccgccggcggcggcgg,1.1788086518645289
228,tcccccaccggccgcggacccgccgcccggcgccaccggctcctcctggtcgcggcgca,0.5104419402778149
229,cgcgagagccccagccgcgggcgggcgggcg,1.8795254081487656
230,tttggttgcaggggagtcgggaacttttggccaaaagtcc,1.5856746062636375
231,cggcggccgaatccctccctggcgcgggcggcggccgccgggcggtgcggcgcgggcgg,1.6228964179754255
232,gggcgggagaggacgcgccgct,1.2027643769979477
233,gactcggccgcaggcgccgtcccacccgcgacccccgggtcacccctggaagggacggggcggtcccgccgg,1.0920964628458023
234,tgggcggcggcggccgggggccgggccagctcttggaggctcctcggcccgc,1.88960862159729
235,ccgcgggtcccgctcgcagcccgcaccgaggactcggcgaggctgcggagggagg,0.9583988189697266
236,taaacctatttgtttccgagatcagacgagatcgggcgcgttcagggtggtatg,1.2755410969257357
237,gtgcagtggccgccgcctcttccgccgccgggctcggggcctccgcagcgac,0.5962318256497383
238,tctcggaagctaagcagggtcgggcctggttagtacttggatgggagaaagaa,1.1823798939585686
239,cgccgccgctgccgccgccgccgccgccgccgccgcgcgggccccccgccgccccggcccc,0.5145478285849094
240,gccagcaggggaggggctgcaacgagcagcctcggaccaaggacagcctccccgggacgcacgggacag,1.0067435428500175
241,ttcgggggaacccaggaatcccctgggaag,0.5518146827816963
242,cagcacagcccacggggccagaaggcacggccgttccctctggccggctcgc,0.5292314067482948
243,gagccccggagccggcggcgctggggccagagggg,1.3676798641681671
244,ggttccgggggttcagaacag,1.3099422752857208
245,agccgccctctgctcccagagatcctccctggggaagcacagggagca,0.5259663872420788
246,tgttcggctgcgcggcggcagctcccggcggctcctggcggcgccgcagtcggaccttcgggcgcctgctggccgg,0.5716348141431808
247,agcaagggatttgtgtgtttgcaaccgggtgtggcggcgagggaggggcccggccacccaggtgggccagcgggatgcctgggag,2.305110588669777
248,acctagttccctccacgttagtgtagacatggccttggggg,1.0688789524137974
249,ccaacacacaaggggatgtccacactaac,0.5853798501193523
250,gggtaatcgcgccgggcggccggccgcctggccgggcctcagcgggagccaccgggggctgcggg,1.634012870490551
251,cgctccactccactcccactcggtcgcaggctc,0.4794050492346287
252,tgcgggcgccgccgcacgctcctcagggcccgaccaccgccaga,0.6550778895616531
253,agacccagttggagcctgagtttgag,0.4953571073710918
254,gacccagctggaa,0.4580198600888252
255,cgggcttgccctgtccccgagctcccccatggtacacacca,0.4839590415358544
256,attcagacatttggtgtatgtgcttggctgaggagccaatggggtggata,1.4951986223459244
257,ttcccagccgcccagcgcgaggccagcg,0.4775835834443569
258,ctccctcccgggtccaccgcggcggcggcggcggcggcggcggcggcggcggcggcgtc,1.783632218837738
259,ggaaagatggcagcagtgccatgaggaggccagatccctcctcc,0.5611073672771454
260,gtgacaaggcggcggccgccgcacccacgccgcccgcgcgggggaaggagagcccgagcccgcgc,0.5828344263136387
261,ccaggcagcagcagtggcccaccagccaatt,0.5769602432847023
262,tgagtgacctctgataaat,0.5288209430873394
263,ttttacccctgtc,0.4723996594548226
264,cagtagccctcctcc,0.4957742691040039
265,cggatccagcgccaccgccccccagcccggcccggcccggccccgccgccgcc,0.516461580991745
266,gggttggtacccgagcgccttcccctcacctca,2.313089028000832
267,actacctgcac,0.4608748443424702
268,cgaacagcactttg,0.4601810835301876
269,cctcctgggctggcccccggtcacccgcggg,0.559216883033514
270,cagcaggtccgagg,0.4866875447332859
271,gccgccgccgccgccgccgcggccgccgccgccgccgccgccat,0.5211788825690746
272,gcggctgcgggccccacctggcgcagcctccgctgaccacgcgggggaa,1.5653544515371325
273,gcgatgcgcggcgctcccgagggcggcggcggccgccagccccagccccaggagcag,0.9782280586659908
274,cacccccgcggtcccggcggtcccgtcagccgccgccgccgccccccgcacgg,0.4738220125436783
275,acagcggcgtcac,0.4546204246580601
276,gggtagcggcggccgccccccggcagcccgcggccggccgcgccgcggcagcccccacccttgccgagacactcgccgggcagtgccctg,0.6427509523928165
277,gaattccactgggtcaacggggacccgtttgatccggacacg,1.0559096708893776
278,cgcagccgaggccgcccgcgccc,0.5296761319041252
279,cgtctacggcca,0.4773576259613037
280,ataccaccctgaacgctcccgatctcgtctgaatagct,0.4673908650875092
281,atctcagtgagcctgctggtgcccagcagccctggggaggccaggtgagaatccctga,0.6943289563059807
282,tccctgtgtgtgggtgtgctggg,1.3922225460410118
283,cccaataatttgatcaacggaacaagttaccctagggataacagcgcaatcctattctagagtccatattgacaatagggtttac,0.5168103612959385
284,cctcatcttcttccttcttt,0.4037635587155819
285,gctctcccaggcggggacgtcccacaaaccaggaagatccagatttctgggacctggg,0.9165220931172372
286,gtccgggcagaagaaggaccgctcgcccgagggggcgcgctggggcaccacgggatcggatcctgggccgcagcccggtccgccaggcgcgctggccaggggcttggcggcgggggcatccacggtggcgcccagtg,1.3505599349737167
287,gctgctgccactctgggctgctccagcctgca,0.5659558810293674
288,ccggctggagcg,0.5033772438764572
289,tgctttctcctttgtcctcttggacttgagggcattgtgaaaagctttg,0.4738744832575321
290,gcccccccccgggcactcgggg,0.48572528734803205
291,agcacctccaggcactcaaggccctggggacagcgctactgactcca,0.6615764498710632
292,acgcagacagaagcggaggggctccgtcgctctgccctcacgccgctgaaccgcgag,0.8703748136758804
293,cgcccccggcgtgggggagaccctcacgcctgggccaccg,0.7189426198601723
294,ccccgctcctctgtcgctggagaaccgccgggccgagccactgggagaagcaggccagagccttccagggcctccggcccgtg,0.559957716614008
295,cccctgcgcgccgcccgctgcctccg,0.4913393892347813
296,ttttggcccaagcagcagccgtgggcctagt,0.5843094624578953
297,ggccgcacctg,0.6223171576857567
298,ttccgccgccgcctagtcctcggcagcggttaccaaccgcc,0.4588587507605553
299,caaccgccggcgtcccgggcgcccgcccgccgcggccccgaactctagg,0.5549431219696999
300,gggggattctgaggcaacgccgagggctcggcagggccgcggacacc,1.5288052633404732
301,gggtgtcggcggcctccgga,1.7006197646260262
302,gggcagaaatcacatcgcgtcaacacccgccgcgggcctttgtggaat,0.4973616488277912
303,cgcggcggggcgggg,1.913582518696785
304,gccggggactcgcggccgcaaggggctgcaggagccgccg,0.7920623160898685
305,accccgagccagcggg,0.5883596651256084
306,cacgagaccgcggagtcgcgccgcggagcgactacggccgcccggcgctgcgcagagagagctgccgtgc,0.4996618181467056
307,ccgccgccgcctcccagtccccaaatgga,0.4762384407222271
308,gggaccaggggcgcgccgccggccagcggcaga,1.4751089960336683
309,gcttggccacagacgggcgcacggagacactcgacgccgctcccgccgccgc,0.6013568006455898
310,agtggcaaaaagcggcgctctagccttggtgccaaa,0.5453145727515221
311,tttatttcaagcatgttgaaaaggattttgcaacatgacttgggagtac,0.6736010760068893
312,ggatcgcttgagtccaggagttctgggctgtagtgcgctatagcgatcgggtgtc,0.8949601724743843
313,gtggccccgcggagtgtggggactcagggtgggggtgcgaggagaggcgcgcgccccagcggccgtccgggggcggagggggaagggagagagccgg,2.1861984878778458
314,gggcaggcgcgcag,1.1779376417398453
315,cagcttccagtcggggatgtttaca,0.5541494861245155
316,gcgcgcgccacgggccccgacgccgcgagccgcgaggg,1.0107095912098885
317,ctcaggggtctgtcccgggccggccgcccgcctctgagactccccgcctcccacggtcagctgctgcggggcagtggccggtgattgaatcggtcattcc,1.2451915368437767
318,ggcagctgcggcttcgcttcgcggg,0.518043078482151
319,tctccgcgggcgcccgcaccggcatcctc,0.5226866416633129
320,gcgctgagagtcgtcgccgcctgtcgggcccggcgtccggtcggtccggtgggcgcgctcgcccgcctgccgctga,0.8415999934077263
321,cctgtggtcccagctactcgggagg,0.5906092040240765
322,gctgaggctggaggatcgcttgagtccaggagttctgggct,0.6910982206463814
323,cgaggctccgcctctcaccggctgcggcctcggctacagccagggcccagagggctccgagtcccgggagcggaggccggagtcgggttcc,0.9972840398550034
324,acagcgcgcacacacaccctcccgccctcgctcccccgaggcagcggtggccgccgagcccccgccgcccgggcgcgcgtccgggacgagctc,0.5417115651071072
325,aacgaacgagccgagagggtggcggccgcctccctcctcccccggcctg,1.035266563296318
326,tcattgctcccggcgaggttctgcctgggtccgggccggctct,0.8905361108481884
327,ggctcagaagcctcccggatcccgtcccggcccaactccgggcctccgcctccgcc,0.5038264654576778
328,aaaatcacattgccagggattaccacgcaacc,0.4830406159162522
329,cgccttgccggcctcctgtcctcctccggcggcggcggagcccga,0.7344738245010376
330,ccgccgctcgcttttccgcttcatggaggcggccgcggcccgtcagggggccacgaccatggccccgcgcgcccgc,1.0917906351387499
331,gccgccgctcgcgccgggctccggtcccgcacaccgcggcccg,0.5110477916896343
332,cggcggtggcggcggcggcggcggcccgggctgcccggagctccgcggggaagcc,1.3294430598616598
333,cgcgccgccggtgagcaggggcccgccgcccgccgggaacacgc,0.8237445615231991
334,ctgcccccgggcgcggcgggcagcgccgaggaggaggcggcggcggccgggcccccccgtggccccccatcgcgctc,1.5490449965000153
335,agggcgcgctcggggccgtcccgccgccgccgccgccg,1.4412386044859886
336,ctgctgcctttgagataccccttgggtgtcccggggcagccg,0.9516647458076476
337,ccctcagcacagccagggg,0.6663602888584137
338,gtgacatctccagagacccccttgtcccccagacacccctg,0.6191923804581165
339,actcaacattcattgctgtcggtgggtttgag,0.6968580037355423
340,tgcctgccgggcggccgggcgcggcgagccca,1.1740906089544296
341,cccgagatccccgcgacggcggaaagcccggagtccgcgcggcctcctccggctcgcagctcctcgccc,0.4918694049119949
342,ctggagccggcgggagc,0.5497444756329061
343,gctcgccatgtcg,0.4919035620987415
344,tgcggagtgccgagcggcctcacccccaaccgtcggcccagtcggacggttccgaggcgttgccgggagccgggcgcggctctgt,1.5199110731482506
345,caggaaggcaacaggcggccgccagccgtcgaggggtgctcccgcccccgcaccgagggaagcggccgagcccgcgccgactcttcccccatccgcccaccggg,0.6267789825797081
346,aagagggtggaaggtttctttggacaggaggtgctgaggctggctgcacctgctctctgaagacgccttcctct,1.398742489516735
347,ccaccttccctggcgcccggggaaggcgcggcgatggcc,0.7935532741248608
348,ccttcccgccgccgccgccgccaacggga,0.5352931357920171
349,gggcgtgcttccatcccgggctggcccccat,1.2196492329239843
350,cctgaggtgccccccgccgagtcccag,0.4972820244729519
351,agggaccacccactggggccacaagagtgacccgggagccagagggagccctgagcatcggcggaaggca,0.932608898729086
352,ccccgggccccgcgcccccgcccagcgcggct,0.5143929161131382
353,tcgggctcttctgttctacccctggggttgccttgg,0.6661302484571934
354,gtcctcatgccctcttcctctggctggccagtcatgggaagtcctgt,0.4577056542038918
355,tcccagcaggtctacggccataccaccctgaatgcgcccgatctcgtctgatctcagga,0.4711355306208134
356,cggctgagagtgagcgtggtgtcgacggagggagatggcccgggag,1.0691981017589571
357,gtactgacagcctgctttcctacggaaagcaaaag,0.4728025458753109
358,ggggttcggtccccactcgccaaccgctgccggggacttgaggggcggagcgcagagcccgccgtccgggcactaac,1.0920529291033745
359,tcgggcgcgcgggcggctaggggcgcgggcaggcggcggcgacgccggggggccgctcagctcgcatgcc,2.1155972033739094
360,gggagaacctgcatgcagtgcacacaccccggccagggtggcac,0.6026456989347935
361,caggtcccggctcttggtcagccgaaccatgagccggcccac,0.5072923712432384
362,cggcgccggcctggagcacgccagccccgggcgcggaatcggggatccccgcgcacccccagccggggctc,0.5318406708538532
363,cgccgccgccgcctggcgctcccgccgcccggcccgacatgagtgaggcggttcgggtaccctcgcccgccactccgctggtggtggc,0.6480898745357989
364,ccgctccccgctggccaggccggcgcccc,0.5242948457598686
365,ccggcgggcggcggcggcggcggcggcgggacctccgcggcgac,1.4210557788610458
366,gacagggaggctcacctcaaactccaggtaggcctcctt,1.4664603546261787
367,cgagccggtcgaggtccggtcga,0.4800714589655399
368,ttgccccacaacccatccctccagctggagccttttgctgggaaatggagtagggggcccac,1.604490652680397
369,agtctgcgcctcccgctccccgcctccggccgggtccgggacgccgcggctgtggggtcggcccg,1.3197508975863457
370,cgcagtctcgccgggcaggggcgccggggaag,0.9933448694646358
371,gtgggcctcgtccaggggctcgggccggcgcgctgcggcgcccgagcccgcagc,1.6102864146232605
372,tcgcgcctgcccggggcccgcagcctccgcac,0.4889122918248177
373,ccaggaggcccccgccc,0.5149308107793331
374,tggggcctcagcccgcctcctgcagc,1.270231895148754
375,ctgttgaggggccgcaccccgccgaccgctgtgggaacacctccgcgcgtgcggcggggacgcgg,0.9676469713449478
376,aggagacctcctttatcagacgagatcgggcacg,0.4676063805818558
377,gttcagggtggtatggccgtagaccct,0.8677667491137981
378,catgtggccacggcgagggagggcaccagcttcaaaataag,1.501492105424404
379,ctcaggccgcccctcccgccgccgccgctaccgcggctcgggccgccgcccccggc,0.5138374082744122
380,gaataggattgcgctgttatccctagggtaacttgttccgttggtcaagt,0.6375651545822622
381,ttattggatcaattaaacgtggta,0.4392196051776409
382,gctgttcttaggtagctcgtctggtttcgggggtctta,1.4643348902463913
383,ccgcgcggcggggcccgggcccggggcggccgcgtccag,1.4158378317952156
384,gggagctgctgaggggtgctgagcctggctcagggagctgggacccctcccctc,1.498238168656826
385,gagggcaatatattgtccctggtaacacagactcttaccaggaagc,0.8486963286995888
386,aagaaccagcagcagcccaggccccagggggctggat,0.8351978920400143
387,agcgccgaggccgccgcctccgcctccgccgcctaggactagggggtgggggacggaca,1.3230391591787338
388,tgtgggattgggaggactgccaagcag,1.732536256313324
389,ccgccgcagctatcgcctcac,0.4062146693468094
390,agtgccacacggcaggctaggggaggggtgaagcagcaggaccatgccctgggcctggagggg,1.7282286658883097
391,gcacccagggctcgggagggggccgcggaggagtcgccccccgcgcccggcccccgcccgccgcgccc,1.5883629769086838
392,tgcccctgagtgaggggcctggggcccaggct,1.5110206454992294
393,ctgacagccctgttggtggggctggggatgtcagcggggctgcctctgggggcgctc,1.9640627652406693
394,ccaggaacccagcgccgcgagcccgctcaatccgcgcgactgcggctgcccctccggt,0.5084711126983166
395,ggattgtccaggacgggctcgggccgagcccgcgcaccgccccggcgct,1.2533559054136276
396,cgagctccgcgcactccctccgcggccgctgagccgagcggacgcccccggg,0.7048296257853508
397,ggggagccggggg,1.9019338190555573
398,caggggtcttccgcagcctgagcggggggccgctggggcgc,1.7652034908533096
399,cccgagtcggcggcgctgggcggcctgggccccgggctgtgctg,1.197343908250332
400,cgccgctcccgccctgtccgccccccggggccggggcccgcgttccggggggccggggcggcgcggggagcctcgggccgg,1.7734838277101517
401,gaaccgcagacgtatctgggacctc,0.8016274385154247
402,cacccttgggggctttggccacacacacacacgaca,0.7107076868414879
403,attagtgacgcacatgaatggatgaacgagattcccactgtccctacctactatccagcgaaaccacagccaagggaatgggcttggcggaatcag,1.0535753741860392
404,ttcagtcgattaaggcgggcagcggc,0.7338810190558434
405,ccgccgccgccttcc,0.6747258976101875
406,agctcctcgcgcctcgccgccccggcagccgccggcgtcgccg,0.5078316740691662
407,tgctccagcgcccaccacaccctggtgcgggccgacgggccctgggccctggtgggagctccggcctccggtcaaggcctggccgggagcgccacgaatt,0.7569146566092968
408,ggtctcccggggcagccgcagccccaggggggcgccccccaggccgctgcgcagg,1.3360650911927223
409,tgcttctttcgggttgtaggggaga,0.7672372721135616
410,actccttccaaatacctgatgtcactcatttcaggtacctgaaagat,0.464606299996376
411,gccaggctggggcggcgaggcggcggcggcggcggcccggggggagggggcggagcgcggctcgctgcctctctc,2.3625777810812
412,tgttacagctcttttagaatttgtctagtaggctttctggctttttaccggaaagcccctcttat,0.4874911941587925
413,tgcccttgcagtcctgaggtcctgcagccccggcccctcctccgtgacctggtgtggccaggctgcgg,1.0176488831639292
414,tccccttcttcctcggggcgggggccgggccaggccggctgagccgggggagggctcc,2.2418454140424733
415,cgggagggagtgcctggccaggccggcctgtctgccgcgatggatgacagtaagg,1.7116789072752
416,tgtgctggatgtcatggagggccggtgacatctagcggggagg,1.33642016351223
417,gcggggacgggcgctgggcggccgcggagctccgggtgccgccgcgtccccagcgccccggccggcccctctgggcggcctgcgggggc,2.1192292720079418
418,ggttgcatatttatgtggacacataggttgcactgctagg,0.6487159579992294
419,gcccaccaagttggccccaaagcccctactcaccacca,0.8959627263247967
420,ccagcagcagccgcaggaagccagcc,0.4942670874297619
421,ttaggctagtcaagtgaagcagtgggagagg,1.2390771023929121
422,ggttggggttcc,1.1642718017101288
423,cagggcgccggtaa,1.5518784001469612
424,cccgcccggctcc,0.4261910617351532
425,cacgcggcgcgcgcct,0.47584093734621996
426,tgcccccagcgccaggcgcgggctgcgctcggtggcggcggcggggccctcaggcggccatggcggca,1.3784184977412224
427,gagcacctgagtgcagggcaggatgcaggtgaggaacgagggcccaagatccccacagctgacacca,1.2315183766186235
428,ggcgttgtcttcggctggcattgctcctcccagctctggcccctctgctccctcaggaagcagtcccctcgtctc,0.6899063251912594
429,ggcgaggccgggccgggcggcggcgcctcgccggggagcgcggggcggccggg,1.6024363040924072
430,gccgccgccgccgccgggggagggcgcgagggccggcgggcaggcgggaggcgccgcggcgacgccgcgccgggg,1.7503653168678284
431,agtccccagctaagcgagggtcccctgcaaacatcagctagggggag,1.7382964715361595
432,ggaacaccctcaggccgagcctgggtctctggccgagggggccggaccgcagccgccgccctcccaggac,0.9705276414752008
433,ccgctccctgggccccggggcggggcgggctccgctctcggcctccctcacccgcggcggcggcggcggctccgctgcagctccaaacccaacatggcggcggcggcggcgcggagaacaa,1.8530462235212328
434,tctcaccaggggcctgcagagtggccttcactctggaggacgcctgaatt,0.8927642926573753
435,ggcggcagcagcggcgtcctgctctgcctacctccccgccgc,1.527782954275608
436,cggaggacgcgccgcctgcgcctccttcccttcgtgcctcgccccgggcggcccggggctgccgcggtgcgcgggtgccgggccctgcctcgccggccatgggggaagggggcgccgtgggg,1.971713200211525
437,gggggcccgtggcccatgggctgggcggggcgcggcgggcggggctgcctgggctcgggcgctgcccgggccgggccgccgagggaggtcagtgggcaccgcccgcccggcg,2.1821459084749217
438,gcgcgcgcgcctcaggcgggcccctggcccgggccgggctcctgctgctgctgctgctgctgctgctgctcgggctgctggccccgggcgcgcagggggcgcggggccgcg,2.1375133395195007
439,ccccgatgtctgggctgtgtccctgccgggattcccagccttcggggtc,0.674293790012598
440,agcagctcccaggccagcgccgcccactcggccgccgccagccgcggccacagcatcgccgccgcccgggccgcagccg,0.5282002575695515
441,cccaggcccgaggccaccgcagcgaggcgggggtgactggaac,1.1746470853686333
442,gcgctgcattctgggagcgggcgccgcggccggccaatcgccgccgcgaccccg,1.0103223919868471
443,cgggcgggggaggaggggagccgggccgcccgctcgcaccgcagcccgcgggcggaccccgagccgccgcggacccaaccaccgagcccg,1.97449754178524
444,gtcaaagtgct,0.486719224601984
445,ttacagtgcaggtagtg,0.5112352930009365
446,ctaaggtgcatctagtgcagatag,0.5029920227825642
447,gttgtgcaaatc,0.4617293104529381
448,ctatgcaaaactgat,0.5690935291349888
449,attcatccccttcccaaagcccttccctcccac,0.5102123618125916
450,agaagcgggccgggccggacctgctgggccgcgccgagccaatcgccggcgccggccgctcgatgggcgaggcggcggcggcggcggcgggggccgcgggccgggccgccgctccgaggtgaa,2.1965452879667278
451,cggcggcggctgcaggcacgggcacgggcacgggg,1.6967645585536957
452,ggggccccggccggggcgcagggcgagacgccgacagctgggggaagggccggagagg,1.5567345172166824
453,gagaggaggccgccgggccaggcagggcgccggctctcccgggagctgcg,1.356405720114708
454,gctattcacaggcgcgatcccactact,0.4869872331619263
455,gccgctgccgcccccgcagccggccgcgagccctccacgcccgg,0.5709265992045403
456,atgctctaccg,0.4887653477489948
457,gcacagatggcgagt,0.5171047076582909
458,agcgatgagtcctcggctcttcctcctccttctccgggacccgctctctgcctccctctccaacgcccggatgatctgagccgcgagggcgccgacagccgggggcccggacgcagcccggctcctcccctcctccgccccttccccagcctga,1.2075161412358284
459,cctttcctagcccggcggtcagccgcccagcccagtggccataacggcgaccgccgcaccaccgccgcccaggacgaggctct,0.5049760304391384
460,gtgggctggtttcctgctctggggggcggatcaccttcggggccgcctcttggagacaggggcgcct,1.627168819308281
461,aggtgagccaaggacacaactcctccttgggcaa,0.5305258855223656
462,taatagcccatgaaggggaccctgcatggcggagtgcagtacttgc,0.5622274316847324
463,ataggggagccccggccggggtcgcactcgctcccatc,1.2916933968663216
464,acagtgatgggccctagtcctaggaacccacagg,0.5612108483910561
465,accactggctgcagcactacctgcactctgtggcactcctgagcctcaggggtgacacagtaggaaatgc,0.5286969505250454
466,agaccccagcttcgactaggcctagtcgtagcggcggccagcgggag,1.2431993708014488
467,acttgacccagagactggcccaatccggagccgaggcccccaagccaggacgacatcgcggc,0.4757222160696983
468,tggacggtggtggcggcggcggcggcgggagcccgccctgcc,1.6102952137589457
469,gtcccgcgccccgccgccgccgccgccgccgccgggtcgcccctggcccggcgcg,0.4976124316453934
470,gtgagggggcccaggatcgcggggcgccctgaggcaaggggacgccggcgggccga,2.2965102195739746
471,cgaaggaggcgccgccgcccgcagccgagcgcg,0.6899987198412418
472,cgcaaggccccacatccctccgccgcgccccggcacgggggagggggcgccccgccgccgtcgcga,1.418899081647396
473,aaggcttccacac,0.4650117829442024
474,tgggggggagggcaggggcccctgtgggttctgggctccaggggagggagctggggaggcc,2.990737944841385
475,cgggcgagcgccggtcggggggcccgctgcatcac,2.0779425948858257
476,gcctctgccagtggctccatccggcccactggctct,0.4911859817802906
477,cctggggtatgggcggcggagaccagcggcgggaatgggctgggggcggcggccgccaggaggagcctcccggactcggcttctcccgcgggct,2.7954195588827133
478,gtcagtgattcccggaccctggaagagaagagggtgg,1.0930666625499723
479,ctcagcgccaccgccgctgccgcgtc,0.4813034050166607
480,atactcgtggctacttagtatttaccaaatg,0.5833220705389977
481,gagtctcccctccagcgagaggggctgcg,0.9102123118937016
482,catcagcatcatccaggccgtgggca,0.5094489827752113
483,gggcgcccccgggggcgcggagccgcagctcggcg,1.313334345817566
484,cgctgcttcccgcggctgccgccggagctggac,0.5376548990607262
485,cccggcgggatgggcggggaggctgggtgcgcggcggccgtgg,2.265785336494446
486,cccgccgggccgccgccgcaggctccgcgcgccctcagcccgctgcccccgcccgcggaggccagcccgccctagcgccgcgaggcccggcccgggcagcgccg,0.5481654778122902
487,cccgctgtagccggcggaggcaggcgggggccgggcaagcagcagcagcagcagcggccccgccaccaccgcggccaccgcctcgcccccggtcccggtgccagcccgg,1.8831264227628708
488,tggctcctgaccactcagccctggagcttcctggggc,0.7552497163414955
489,cttccaaatgtctcgggccgacaga,0.5437304601073265
490,tggggaccctctgccgaggacacgcccgcgctcacagggaccctccgccgaggacatgcc,0.9634684436023236
491,cagggcagggcagccctcggggcagcagcaggggcaagg,1.255979672074318
492,ccggcccctgcccaggtgtgggtggttctggccagg,0.7715050615370274
493,gggaggacccgcgggcgcagggtctgcctagagcccttg,1.5421623662114143
494,ttcagccagaggggcctccgggggctt,1.482644446194172
495,cggcggcggcaagacctctccccctcggaggcggcgggcggag,1.1867710426449776
496,tatgtcactgggcaggcggtgcctctaatactggtgaagccagagg,0.7305854149162769
497,ccccgggcacgggcggccgggccggcgagggcccggacgggggtcgggggccctgccggctgcgagggagaggagcgagcgcgggccgcgagcgggcgggcgggcgccga,2.2554857283830643
498,cggcccgcggcccgccgccgccgccgccgtgaggaaa,0.5504413694143295
499,gctgccgccgccgccgccgccgggctccgg,0.4598337672650814
500,gccgcggagtcagccccg,1.9610942602157595
501,cgcctgcgccgcagc,0.4580624327063561
502,ccccgcggcggac,0.4622851349413395
503,cgaggaaggcgcggccggcccggacgccccggggccccccgcgccgccgccgccagcg,1.5978492647409441
504,tagaggcccagcctggc,0.4939129278063774
505,cattctgggctcttgcacttgcccagcctttctttgccaggggcagagaagggaaagggggt,1.916688248515129
506,cccccgcgggggaggctgcgggcccaggcaggggctccccggcctccgcgggcagaggtggcggcggccccggccccgaggctgaacgggcggaggct,1.2062534019351006
507,gtcgctgagggtttggggaggctttcctgagctgctctggccccagtcctggggctg,1.7524254471063614
508,ctcccgtggccactacccctggcctcctcggccctcacc,0.4686409533023834
509,cctcggggctggtccccacctctggc,0.6332659982144833
510,aaggaacacctacactccaggtgtctc,0.4321653656661511
511,tggggccggggccgagcccgcggcggggccgcctcccgtccggcgggctcaggctccgcgccaggcccgggcgccgcgct,1.763369232416153
512,cgcggcctcccgcggcggcgccgggggccggcggcggcgacgccccctcagc,1.4325046613812449
513,gttaacggcgcggcagcctccaccgcctgctgttgccctcc,0.5215132907032967
514,ggacaccttccgagggagtgtcttagagggagtcctacca,0.6123693771660328
515,tagtagagacagggtttcgactacggccataccaccctgaacgcgcccgatctcgtc,0.6920455209910871
516,ctgatctcggaagctaagcagggtcggg,1.0510817654430866
517,ataaggatggataggccgggcgtggtgg,1.5836293771862984
518,gctcatgcctataatcccagcacgttgggaggctgaggcgggcggatc,1.3197059258818626
519,aggaggatcacttcagcctatgagtttgaggctgcagtgagctgt,0.6682387292385101
520,cctccagaagcagccagcctcaacagtgga,0.4590649306774139
521,gcgtccgggtccccggcctgcccgc,0.6994486786425114
522,cctccgcctcctcccgcg,0.4837371297180653
523,aaattcagggctgctctttgcagtggtccctggcccagcaggtggccggcgtggctcctgttggct,0.6395161710679531
524,gtctgggacccgcc,1.1689344011247158
525,acacccccgctggggttggagggaaga,1.0563167184591291
526,cgcccctcgggcgc,0.6837815791368484
527,cgcccacggctcgggcgagag,0.5440891720354557
528,tggggcccggtggggtcctgcggggacgcgggcgaggac,1.6212895587086678
529,tcccagctggaccagagtgccctgcttgcctctgctctccctttgtggggactcaggcagcagaggcatctgggaagtctctgagtaggcagg,0.7981350347399712
530,gcccagcttggccagggcagtcgggggcaggac,1.5717888399958608
531,cagcgggagagccggtccgaccccagcccagcctgctgggtcagca,1.0387925654649734
532,ctaggaaccaaccaaagtaagtcagggagtcccagcagggactgtaaaagaac,0.7408020682632923
533,ggagggagggccaggcggtcccacagggtgaggaca,2.4875720292329793
534,agctctgtcccctccccccggccccctcgccggcccaggcccctgccccagcccatcagtgt,0.4816445000469685
535,acgcggcggctctggctcggcagcgccacccggt,0.7726412378251553
536,ggcggcgccctgtgcccgggcgcgtgggtccgcttgccgcgggcggccggagacgtgcgggcgccggggcttctgggctccgggcactgcggggggctgcgggctcggcgcccggggaaggcgggccatgggcgcgggtgcgggcgccccagccggccgcg,1.9649873226881027
537,ggggagggggtcccggcggcggcgccccgggcggccccggcctgggcctcggcagcctcg,2.3238468766212463
538,actgggaaagtgctcagccacagaacagaggggcagaggggcaaccctcc,1.23384191095829
539,catctctctcatcacatgccaatcctgggatctgagagagagtagtcttg,0.50440763682127
540,aaactgctagtactctccccgtcggggaatcgaaccccggtctcccgcgtgaca,0.5002130754292011
541,tctcaggggagctggcagaaccaggagcgaccacactcactcgcggtcccgcagc,0.6751166582107544
542,ccgccgcggccccgcgcttccccgcctcgcggcggcgccca,0.4692268632352352
543,agagcacgtgggcaagaaaccgcatccctcaggcttctgccacacatga,0.5890888199210167
544,ccgggggaccccgccccgccgtccgccggccggcccgcggcct,0.6214165575802326
545,ggggtggtgttggtggcggagggctgcgcgtgggcccgcccgccgaggggccgcggcgggggaccgagagggcctcggctgtgtgaggactagaggcggccgaggcccggg,1.8646616786718369
546,ctgggcggcttgctggggctcgggggtggggggcggcgatctgtcgccgggccccctcct,2.8399441689252853
547,cggctccggcgaggccccggcgaggctccgcgcgcccggccaaccgtccgccccggggctggcccggaacccgccgtgcccgcctgcccgctcgccctcgggcgccctccgccccgcgccgccccgccgccgctcgcggctcctctctccgccccctgcgcggct,0.5286154188215733
548,ttggaggcccttttctggctcc,1.1445669010281565
549,cgctgcctggcgccgtcgcccccgaggcccccggacgcctcagt,0.6252011656761169
550,cggcggcggcggcggcgaaagaggggggcggcggagacagcgcacaagcca,2.3602373600006104
551,cacgccccgccctcccgccccgccccggggagcccgccggcccg,0.4994677677750588
552,gcccccgggcggtgcagccgccct,0.4939153268933296
553,ccgtcccgggg,0.5453178770840168
554,gaggcagcggccgccccgcccgcccctcctccccgggcctgacagaaacccgcc,0.6332357637584209
555,gtcctcgaccccccgcacctcgccccttccccaccccctcctccgcctcggtgcccggcgctg,0.4675808474421501
556,tgtctacggccataccaccctgaacgcgcccgatcttgtctgatcttggaaact,0.4900387078523636
557,ccaagctacttcccacttctccctcctccaaccagaaggggggaaaaggga,1.341392047703266
558,ccttctcactgtcatccgacaggg,0.4290858134627342
559,gggaggcaggggcccctgtgctct,2.782849222421646
560,gatttaggggcgagagccccagccctgaccctcggtcctgtg,1.7543237358331683
561,ttatgctaaaagcctctggggatatctgt,0.6708439998328686
562,agatgctttgacaatactattgcactgc,0.504528347402811
563,caagtccctgtttgggt,0.8784288167953491
564,tggagcccggcgccggcggcggctgcccgggcggggggttgcggc,1.5893336310982704
565,gaagctaggcagggtcgggcctggttagtacttg,1.613493874669075
566,ttattgctccggcagtgcttcccttcctttcatccactggcct,0.5362217575311661
567,tgtcccccatccagaggcagccctggaataggattcccaggggtttctgggacccctttccttgctccgtga,1.0659670643508434
568,cagtctgaggcttggcgccgggggtctgcgggcgagggga,1.677930898964405
569,gttccccactggagggccgcgttggtggtatagtggtgagcatagctgccttccag,0.8476240299642086
570,gagctccgagccgtggtcctcagccacactccaagcctggccgtggagaggccct,0.4993193261325359
571,gagcctcctgagcccagccaggaagggcagcagcctctggcgaggaactgagagcaggaggcaggctgcgcccccacagggaggc,0.8453742153942585
572,gtggtcccagtcaagaggcctccgaatgag,0.5238920152187347
573,gatactgggcaaggactgtcacaagcactccgaagacgcgacccggcgaggctcgggctggaacccgggcgcagagctgcctcgcacaaa,0.7309574000537395
574,cgccgctcgctcgctcgccggccggcggcc,0.4694675616919994
575,cgcccccgcccggctcgccggctccggggtctgctccgggggtcgcggacgcggggccgggcggcggagccggcgccagagcatgcggggcgcggcgcgggcggcctgggggcgcgcggggcagccgtggcc,1.8562608510255811
576,cccgccccgggcccgcccccgccgccgctcccgctgctgctcctgctcctggccgggctgctgggcggcgcgggcgcgca,1.3110589683055878
577,cactctccggccagcgccgcggt,0.4588277451694012
578,gcggggccggccggggcgcccgccgctcgccgccgcctccgcgcgcccgggggccccggcgcccccc,1.970399335026741
579,gcttggcctgtgtccacagaccaaca,0.7771685644984245
580,ggctccgcggccgcccagggggtgggagcgggtg,1.7676624655723572
581,ggcccgggagctcgaggcgg,0.6625927127897739
582,ggcgccggggctgccgcccggtgctcggcgcgctctcgggagccgcccgcccgctggtcccgcagccttccggg,0.8217516243457794
583,gtgccggcagcgtccagggcgcgctctcgggcaccctcacctgccggcgcccggccgctt,0.8078762106597424
584,gccctgccgccctcggccgcccccacggggccgc,0.5134200640022755
585,ggctggggcttgggtt,1.42995522916317
586,tggggactgtggcggcgaa,1.4849555566906931
587,cacagcacccaccctccccgcggggaggtcagggcccaccagtgcccgcggctggcggtcccacatcc,0.7565233111381531
588,gtgtttcacgagagcccgggagctgctgccctgcggccccgtctgtggctttcag,0.5465834625065327
589,ccaggggccgcc,0.9154825136065484
590,gcgtgaggagggggcagagtgagagagaccacccca,1.5564441457390783
591,ggcaccttcgggaaccccccggcccggagcctgcggcctgcgccgcctcggccgccgggagccccgtggagcc,0.5384479537606239
592,cgacgcccagcacccggc,0.4355975575745106
593,tgcccgcgccgcgctccgggggggaatcggggctcgctcctcccgctgcctcggccgcctctagc,1.1101405993103979
594,gctggcgctgctgctggcggcgctgccgtgcggtg,0.5032707341015339
595,cgtccgccgggggcgtcgggctcg,0.8054218217730522
596,ccccggcggcgccgcgcgtcttccgcggtgtcctcgggcccggtgg,0.7067567966878414
597,tggccggcatggcgagcctgctggacggcggcggcggcggcggcggtgggggcgccgggggcgcgggcggcgcgggcagcgcgggcggc,2.4075559377670293
598,gcgcgcggcgcggcgggcggagcggaggcggcgggagcggcgtccgtccggccggcggcgg,1.696153037250042
599,gagttcctggtccagggtatcctggggccacc,1.1236436665058136
600,tggccccgggccccaccaggt,0.6400494575500488
601,gagcatacctgggacccggggtcgggggagactcggggtgcccaggacgggaaag,1.8550740480422971
602,cctcccgcagagtcccaccccaagcctggaa,0.4502643197774887
603,caggctctctggtggccgcccctgtgcacctggccaggggaagcccgggggtctggggcctccctcc,1.5403981283307076
604,gcggtggaggccggggcgggccaggccgcgaccagaga,1.837403461337089
605,cccagctgcagggacaggagcagcagggagcccagcaggaacttccctacggccattg,0.5750688910484314
606,ggaggcggcgccccccgggcccgggccgctgc,0.8652806431055069
607,gagtgcaccggggacccaggccaggtgccccccggagcctgctggggtggcc,0.9972285851836205
608,cccgtggacagcggcaccagccactccgcagggccgccgccgccat,0.4994841665029526
609,aaggtggcggaacccacccagcaccacctgcgggcgggcccccgaggaagcccatgaattt,0.948557335883379
610,gctgtaaggggttgcccccccgccagtgccttggatatttct,1.2507429048419
611,ccagagacacctccaggctgtggcctgggggctggggggagccccaggctg,2.1284676045179367
612,aactccgtggtgtcgggggtggcaaccccacgcccaccagggaggctgtcg,0.9957746155560016
613,gccgctgctgctgaggcggaggccgcggaggccgcggaggcggaggccgagg,0.7769310846924782
614,gctggagacggacgccatg,0.5869781598448753
615,ccactgctgctcgctgcgcccgggccccccgcgccgtggcccgcgcccaccgcggcc,0.5177161246538162
616,ggacccaggaccctctgagctgggaggcttcctgcgctcagatctatcc,0.6305027529597282
617,gcctggctggtgttcaggccctcagt,0.7205847203731537
618,cagagacccagcttctgagagacagggtgtggg,1.0247564017772677
619,tggcccccagtggtgcatgagaatagctcatgcatacactgaga,0.5281643643975258
620,gagcgccgggctcggggcccccccggccgcccgccccc,0.7669774889945984
621,gggcggggccagccccggg,1.6246699690818789
622,tgcaccactgc,0.4728477895259857
623,ctccaccctgggcaacagagtgagaccccgtctctc,0.5153646282851696
624,cgggaggctgaggctgg,0.5905898176133633
625,agggcggagggattgggggctggggcagcctgggtccccatgcccctctctgtgcctcggtctccccccttccatggt,2.297432169318199
626,attccccttcattgcccccaaatcaggggta,0.5161670409142971
627,cacttaacttattcctttgtaccccagggggtggagccctgtgcccaccctgcactggggggagggtgggcaggga,2.466819360852241
628,ccccccacccgcctgcccatgggccagtcctaggagcagc,0.453535407781601
629,atagcccctagccctgggcacccacccacccccaccatttt,0.6470683030784129
630,cagcccaggctgggcctgtcaccgcctcagtgcctagcacggctctgcggcaggacgaactcggg,0.5217356383800507
631,gtgccttattctcttcctaggaagacccccaggccaa,0.4621195420622826
632,gggcgcgccggtcccgctcctggtggcccactg,0.6857194416224957
633,tgggggagagccccagagccctgacccttc,1.1226190999150276
634,gggctgtcccggtgggtctgttctggtttcaccccgagcccag,0.8596693314611912
635,acctgggcgggggt,0.9785349518060684
636,tgtccccggggcctca,0.4955001659691334
637,gacggtgggggagccctcgcccccgact,2.4125827103853226
638,cctgcccctgccccctctctgagagccctg,0.7443286366760731
639,ccgacgacagggaccgccggccgggagcagagccgg,0.7924766466021538
640,ggggattggcgggggtgaggcgagg,1.3451551869511604
641,gacgggcgccgcgcaggccccctgcggactgggggcatccgacaagggggagggggcgggtaggggtccagcgcggcctctgcccctctctcaccacccctcccccctcccacgaccctcccacga,2.547388643026352
642,gagaccctttaacctgtga,0.4422395899891853
643,tgcccgcctctcccccctcgaggccccgtcgagggagggaggggc,1.555140882730484
644,cttctcggggccccaggggtgggggcgccgg,2.1984173208475117
645,cccctctgccctgaccccacggggccggggagggaggggaccc,1.9511695206165316
646,gcggggtggggtgggggagggacgggagctggttggggtggcttagcagatccggacagggccctctgtccctgt,3.292556941509247
647,ggcgctcgaggctttctgatgtggctgctgctgctcagaaggccttgtcctt,0.5145817585289478
648,actcccgccccccc,-0.21555469650775194
649,ggggactcgcagaccacccccccccccgccccaggcggaggtcgggggccgtcacc,1.8896546214818957
650,ccatcctggacagcactcccggccaccctgggtgttgagaca,0.4856785498559475
651,tgctggaaagaacctgagagttggtttggaccaattccctggttttccagcaga,0.6058671474456787
652,ccgggcccgaggccaggccccggggagcggcgggcggcggcggccgcggcggggcggcgcgggaaccgggcc,1.7239291965961456
653,gctgctgctcctgccgccgctgccgccactgtcgccgccgccgccgagctccgcgcccgca,0.4957585744559765
654,caccttgccccccaaaactcagtcttgggggtgggaggaagagag,1.5226265117526054
655,tgcggccaggccacagggcacagcaaaggctatc,0.5605325512588024
656,atgcagttggtcatactacataccccatggttgcagttttgacagaccaaatgcatctgtgt,0.5443615689873695
657,cccagtaggtggcacacggccgtgtgcctctcttctggggcagg,0.6633705310523511
658,aggactggcccttc,0.4823930412530899
659,ccattcaccctccgagcttcccccaggagggggagggggagggggccccgagc,2.8878805190324783
660,gagcgccccggggccccggggaggctcggccgc,0.9660690799355508
661,cccctaggcccaggccgcggaaccgcccagcccgaatatcgggttccaaggacggctaggcccgagagaa,0.7465581186115742
662,aagaatagtctgaagactaaactcactccccagacttcagcacc,0.4703728631138802
663,agagcctcaggctgggatggggaggcctccctgcttccacctgcatggtgg,1.3879874050617218
664,gcgcgggcggcggcggccgcgctcctctcgctcctcagcagcggggacc,1.5965184792876244
665,gatagtgcctctaatactggta,0.4493172988295555
666,gccctgcagagacaagtcatcgagccctctggcatgtccctggtagcc,0.4822982028126717
667,cgggggaggcgcgccccggctcgccgggctcgggtcgccgccaagttcccggggcgccgcggggctcagtgcgcgggaccgcgctccgctgcgcccccccggcctcccctcggcagccccgggggcgtcggc,1.296276979148388
668,cctgttggtgctggcccttggggagctggagcccagcatgctggggagtgcggtcagctccacacagtagtccccacgtggcccactcccggcccaggc,1.0871181376278398
669,ccggcggccgcggcccgcacctcgggcgtgcgc,0.5621341168880463
670,tcctccaggcggacgcgcacggccggcttggcccgggcctcgggcgcgccgtcgggtccagccgcagccgcagccgcgcccgcgccctccttg,1.08782746642828
671,cctccacacatcatgccccaacaccatccagcccaatcggacaccaggacagtgagggacgggtggctg,1.3344805389642715
672,tagccttggtcgtcgccgccaccat,0.5171450078487396
673,cgcgcctggctggcgggggcgctgtcctcccaggccgtccgcgccgctccctggagctc,0.788094162940979
674,cggcggagcgcggcagccagggccggcggaggcgcgaggagccgggcgc,0.983223222196102
675,caaagcccaggtgtcctccaggggagtattctggggtggcagggg,1.6310542970895767
676,gcccgcgcgcccggaggcgaaggcggcggcccgcggggcccagccgggccaggcc,1.0694281384348872
677,ctggcggaggagccgccgccgccgcccgggccccgg,0.7129056528210641
678,atttgccggggag,1.511249542236328
679,gggggctgtcgcctccccggccccgggcgccgctgg,1.6085096150636673
680,tctagaggggcact,1.0007878728210926
681,ctcgggggtgttccctgtgggagggtgagtgggtgaggccgagcctgctgcgtgtggagcctcgagtgggccctggctgccactaccgtacag,1.891301304101944
682,cattatgacccacctgtgtgtccacacaggtcagggc,0.5140962563455105
683,gagtttctgacgcgcccgcgtcgtcccagctccct,0.5356539376080036
684,agcagtgcaatgatattgtcaa,0.44049863889813423
685,gccgccgccccggcctcagagccagcctcgggcccggcccgccggcccagccgcgcccccatggccgccgcgcgatggtcgccga,0.5451382920145988
686,agtggggcgcgcggcgcgcgcgcggggcgggggcgcgcggaggggggggctgccccggggcggcccccccaggtcggggcgcggcgggcggcggcggcgggcgcgcgtcccgtccagg,2.6186455041170116
687,agaaggcgcaggcgctgcaggaggagtgcggctacctgcggcgccacca,0.5925361067056656
688,gagccggggcgggggcgccggagcggag,1.8954386040568352
689,cccccagcttcgggcgcccgggctccggcgcggcggcgggg,0.9998106472194196
690,tgtggtagggccggggcaccagcagcgggtagccggcaaactcccgcggcgactcacactgcaggcggt,1.913277551531792
691,tgtggtgggagggcctccctggcttgggagaccgctctctgcaag,1.9982726722955704
692,gttctgggctgtagtgtgctacac,0.962482538074255
693,cactccagcctgggc,0.5047099962830544
694,caacatagcgag,0.44236764684319496
695,catggagaggcagaggaggagcctggaggccaggggg,1.4183616638183594
696,aaagatgagtaactttccccactactctgcct,0.4928802810609341
697,cgtcggagccccccagcccacccctgggtgcggcgcggggaccccgggcc,1.189079523086548
698,gcagaaggggcccaaggatgtcagacctgagac,1.0496014878153799
699,ctctggggagctt,0.4725675955414772
700,aagcagaacgagttcacctgcgcgctgggcgcgtccccggacggggcggcaggtgcggggcccgcggtgcg,1.852679058909416
701,cgccggtctgtgcctgcccgccccgccctggccca,0.6657024659216404
702,catgccttggctgagcggcggccggcggcgacggcggggacagccgcgcgaggccccgc,0.942001696676016
703,gctgctgggcaggccccgtctc,0.698308240622282
704,cagcagcggcggcggccccagagagggc,0.5890896134078503
705,cccatctgatctcggaagctaagcagggtcgggcctggttagtacttg,1.1817444451153278
706,agtggtttccag,0.4531948585063219
707,gggtctccccagcccagtccccttgctcccatcccactcggtgctgttgggtaggggccctgcca,0.9226860925555228
708,gtgttgccccctatctcctggggagggtgaggcagggcagggacagtc,2.1669918596744537
709,gagggtaaacagagaggggccaagggatgcagggaaagggacggggtaagagagggggccc,2.5772004425525665
710,tctcccttccccctgtccagcccccagctag,0.5161020569503307
711,tccacgcccgcggagctcagccccagcgacacgccgg,0.5047175325453281
712,gttatggcagagtctacggccataccaccctgaatg,0.5548549406230451
713,ggcgccgccgggggcgtgctcccgcg,0.8099481351673603
714,tgctggtggtggggt,1.355965681374073
715,ttacagatggataccgtgcaatt,0.4829011335968971
716,cgcagccgccgccgccaccgccgcgcctcggcctcggtgcaggcagcggccgccgccg,0.5174182243645191
717,gccgccgccgccgctgccgccccggctgccgcgccgcgccgctgcctctgccccggccgcccccgccgccgctgccgccg,0.4678352922201157
718,gccggcccgcagccagccaggcgggcggcccagcccgcctgagcccgcagcggctgccgccgcagcgtcgggtcgctgggtgcgcgggctaccgcggaccgagcggacccgag,0.8998190276324749
719,agttctggacctgggcccagactctgggggcagcagtg,1.0136721692979336
720,gagtaggaagacccggagggagcagggctctgcccccccaccgggcaggtcctc,1.1653807498514652
721,tccagccgcccggccaggcagggctcctcggaaacgcgcggggaaaccctgcctggccaggaggggcctcagga,1.1488766223192215
722,tcatcgacacttcgaacgcacttgcggccc,0.5118439272046089
